Concept(EN),ConceptClass,Concept(IT),Prod.Frequency,Rank,Feature,RelationType,FreqWaCKy,logFreqWaCKy,No.Letters,No.Syllables,No.Features,No.DistinguishingFeatures,Percent.DistinguishingFeatures,MeanDistinctivenessAcrossFeatures,MeanCueValidity,No.IntercorrelatedFeatures,Percent.IntercorrelatedFeatures,IntercorrelationalDensity,(Non)Distinguishing,Distinctiveness,Q1,Q2,T,S_obs,U,S_hat,sd_S_hat,CI_L,CI_U,C_T,Nationality
apple,fruit,mela,33,1,a_fruit,ch,23296,10.0560369509964,4,2,9,2,0.222222,0.297354,0.445015,21,0.583333,6.1985414916632,ND,0.2,22,3,37,44,215,122.486486486486,57.0253105928444,65.9075961303084,325.186878028626,0.8984437838783,IT
apple,fruit,mela,21,2,is_red,ese,23296,10.0560369509964,4,2,9,2,0.222222,0.297354,0.445015,21,0.583333,6.1985414916632,ND,0.333333,22,3,37,44,215,122.486486486486,57.0253105928444,65.9075961303084,325.186878028626,0.8984437838783,IT
apple,fruit,mela,19,3,is_green,ese,23296,10.0560369509964,4,2,9,2,0.222222,0.297354,0.445015,21,0.583333,6.1985414916632,ND,0.25,22,3,37,44,215,122.486486486486,57.0253105928444,65.9075961303084,325.186878028626,0.8984437838783,IT
apple,fruit,mela,18,4,is_yellow,ese,23296,10.0560369509964,4,2,9,2,0.222222,0.297354,0.445015,21,0.583333,6.1985414916632,ND,0.25,22,3,37,44,215,122.486486486486,57.0253105928444,65.9075961303084,325.186878028626,0.8984437838783,IT
apple,fruit,mela,16,5,is_edible,sa,23296,10.0560369509964,4,2,9,2,0.222222,0.297354,0.445015,21,0.583333,6.1985414916632,D,0.0833333,22,3,37,44,215,122.486486486486,57.0253105928444,65.9075961303084,325.186878028626,0.8984437838783,IT
apple,fruit,mela,16,5,is_round,ese,23296,10.0560369509964,4,2,9,2,0.222222,0.297354,0.445015,21,0.583333,6.1985414916632,ND,0.166667,22,3,37,44,215,122.486486486486,57.0253105928444,65.9075961303084,325.186878028626,0.8984437838783,IT
apple,fruit,mela,12,6,different_colours,ese,23296,10.0560369509964,4,2,9,2,0.222222,0.297354,0.445015,21,0.583333,6.1985414916632,ND,0.142857,22,3,37,44,215,122.486486486486,57.0253105928444,65.9075961303084,325.186878028626,0.8984437838783,IT
apple,fruit,mela,10,7,grows_on_trees,sl,23296,10.0560369509964,4,2,9,2,0.222222,0.297354,0.445015,21,0.583333,6.1985414916632,ND,0.25,22,3,37,44,215,122.486486486486,57.0253105928444,65.9075961303084,325.186878028626,0.8984437838783,IT
apple,fruit,mela,6,8,is_healthy,iep,23296,10.0560369509964,4,2,9,2,0.222222,0.297354,0.445015,21,0.583333,6.1985414916632,D,1.0,22,3,37,44,215,122.486486486486,57.0253105928444,65.9075961303084,325.186878028626,0.8984437838783,IT
broom,implement,scopa,22,1,has_a_handle,ece,4017,8.29829063435928,5,2,5,3,0.6,0.6,3.086945,3,1.0,1.00404911965714,ND,0.25,18,3,34,32,123,84.4117647058823,39.7305805537985,45.9916125842099,228.331413770337,0.855121951219512,IT
broom,implement,scopa,19,2,has_bristles,ece,4017,8.29829063435928,5,2,5,3,0.6,0.6,3.086945,3,1.0,1.00404911965714,D,0.5,18,3,34,32,123,84.4117647058823,39.7305805537985,45.9916125842099,228.331413770337,0.855121951219512,IT
broom,implement,scopa,17,3,used_for_floor_cleaning,sf,4017,8.29829063435928,5,2,5,3,0.6,0.6,3.086945,3,1.0,1.00404911965714,D,1.0,18,3,34,32,123,84.4117647058823,39.7305805537985,45.9916125842099,228.331413770337,0.855121951219512,IT
broom,implement,scopa,12,4,used_for_cleaning,sf,4017,8.29829063435928,5,2,5,3,0.6,0.6,3.086945,3,1.0,1.00404911965714,D,1.0,18,3,34,32,123,84.4117647058823,39.7305805537985,45.9916125842099,228.331413770337,0.855121951219512,IT
broom,implement,scopa,9,5,a_tool,ch,4017,8.29829063435928,5,2,5,3,0.6,0.6,3.086945,3,1.0,1.00404911965714,ND,0.25,18,3,34,32,123,84.4117647058823,39.7305805537985,45.9916125842099,228.331413770337,0.855121951219512,IT
dog,mammal,cane,31,1,an_animal,ch,117804,11.6767775054805,4,2,12,9,0.75,0.601389,3.239552,25,0.892857,8.4566145605346,D,0.1,29,17,37,62,225,86.066772655008,11.7485698826393,71.7247675573373,121.560245796397,0.875176252319109,IT
dog,mammal,cane,23,2,has_4_legs,ece,117804,11.6767775054805,4,2,12,9,0.75,0.601389,3.239552,25,0.892857,8.4566145605346,ND,0.166667,29,17,37,62,225,86.066772655008,11.7485698826393,71.7247675573373,121.560245796397,0.875176252319109,IT
dog,mammal,cane,16,3,is_domestic,sr,117804,11.6767775054805,4,2,12,9,0.75,0.601389,3.239552,25,0.892857,8.4566145605346,D,0.5,29,17,37,62,225,86.066772655008,11.7485698826393,71.7247675573373,121.560245796397,0.875176252319109,IT
dog,mammal,cane,16,3,is_man's_best_friend,sr,117804,11.6767775054805,4,2,12,9,0.75,0.601389,3.239552,25,0.892857,8.4566145605346,D,1.0,29,17,37,62,225,86.066772655008,11.7485698826393,71.7247675573373,121.560245796397,0.875176252319109,IT
dog,mammal,cane,13,4,beh_-_barks,eb,117804,11.6767775054805,4,2,12,9,0.75,0.601389,3.239552,25,0.892857,8.4566145605346,D,1.0,29,17,37,62,225,86.066772655008,11.7485698826393,71.7247675573373,121.560245796397,0.875176252319109,IT
dog,mammal,cane,11,5,a_mammal,ch,117804,11.6767775054805,4,2,12,9,0.75,0.601389,3.239552,25,0.892857,8.4566145605346,ND,0.2,29,17,37,62,225,86.066772655008,11.7485698826393,71.7247675573373,121.560245796397,0.875176252319109,IT
dog,mammal,cane,9,6,has_a_fur,ece,117804,11.6767775054805,4,2,12,9,0.75,0.601389,3.239552,25,0.892857,8.4566145605346,ND,0.25,29,17,37,62,225,86.066772655008,11.7485698826393,71.7247675573373,121.560245796397,0.875176252319109,IT
dog,mammal,cane,8,7,is_faithful,sr,117804,11.6767775054805,4,2,12,9,0.75,0.601389,3.239552,25,0.892857,8.4566145605346,D,1.0,29,17,37,62,225,86.066772655008,11.7485698826393,71.7247675573373,121.560245796397,0.875176252319109,IT
dog,mammal,cane,7,8,different_kinds,eq,117804,11.6767775054805,4,2,12,9,0.75,0.601389,3.239552,25,0.892857,8.4566145605346,D,0.5,29,17,37,62,225,86.066772655008,11.7485698826393,71.7247675573373,121.560245796397,0.875176252319109,IT
dog,mammal,cane,7,8,has_a_tail,ece,117804,11.6767775054805,4,2,12,9,0.75,0.601389,3.239552,25,0.892857,8.4566145605346,D,1.0,29,17,37,62,225,86.066772655008,11.7485698826393,71.7247675573373,121.560245796397,0.875176252319109,IT
dog,mammal,cane,6,9,beh_-_eats_everything,eb,117804,11.6767775054805,4,2,12,9,0.75,0.601389,3.239552,25,0.892857,8.4566145605346,D,0.5,29,17,37,62,225,86.066772655008,11.7485698826393,71.7247675573373,121.560245796397,0.875176252319109,IT
dog,mammal,cane,5,10,used_for_company,eae,117804,11.6767775054805,4,2,12,9,0.75,0.601389,3.239552,25,0.892857,8.4566145605346,D,1.0,29,17,37,62,225,86.066772655008,11.7485698826393,71.7247675573373,121.560245796397,0.875176252319109,IT
eye,bodypart,occhio,37,1,used_for_seeing,sf,322303,12.6832473758583,6,2,9,5,0.555556,0.649206,7.063156,2,0.333333,0.623728887235515,D,1.0,14,5,37,36,160,55.0702702702703,13.9897288838624,41.2698593281708,105.010420493973,0.91420233463035,IT
eye,bodypart,occhio,18,2,a_body_part,ch,322303,12.6832473758583,6,2,9,5,0.555556,0.649206,7.063156,2,0.333333,0.623728887235515,ND,0.2,14,5,37,36,160,55.0702702702703,13.9897288838624,41.2698593281708,105.010420493973,0.91420233463035,IT
eye,bodypart,occhio,17,3,different_colours,ese,322303,12.6832473758583,6,2,9,5,0.555556,0.649206,7.063156,2,0.333333,0.623728887235515,ND,0.142857,14,5,37,36,160,55.0702702702703,13.9897288838624,41.2698593281708,105.010420493973,0.91420233463035,IT
eye,bodypart,occhio,13,4,there_are_2,eq,322303,12.6832473758583,6,2,9,5,0.555556,0.649206,7.063156,2,0.333333,0.623728887235515,ND,0.333333,14,5,37,36,160,55.0702702702703,13.9897288838624,41.2698593281708,105.010420493973,0.91420233463035,IT
eye,bodypart,occhio,9,5,an_organ,ch,322303,12.6832473758583,6,2,9,5,0.555556,0.649206,7.063156,2,0.333333,0.623728887235515,D,1.0,14,5,37,36,160,55.0702702702703,13.9897288838624,41.2698593281708,105.010420493973,0.91420233463035,IT
eye,bodypart,occhio,6,6,has_an_iris,ece,322303,12.6832473758583,6,2,9,5,0.555556,0.649206,7.063156,2,0.333333,0.623728887235515,D,1.0,14,5,37,36,160,55.0702702702703,13.9897288838624,41.2698593281708,105.010420493973,0.91420233463035,IT
eye,bodypart,occhio,5,7,has_a_pupil,ece,322303,12.6832473758583,6,2,9,5,0.555556,0.649206,7.063156,2,0.333333,0.623728887235515,D,1.0,14,5,37,36,160,55.0702702702703,13.9897288838624,41.2698593281708,105.010420493973,0.91420233463035,IT
eye,bodypart,occhio,5,7,is_round,ese,322303,12.6832473758583,6,2,9,5,0.555556,0.649206,7.063156,2,0.333333,0.623728887235515,ND,0.166667,14,5,37,36,160,55.0702702702703,13.9897288838624,41.2698593281708,105.010420493973,0.91420233463035,IT
eye,bodypart,occhio,5,7,part_of_face,ew,322303,12.6832473758583,6,2,9,5,0.555556,0.649206,7.063156,2,0.333333,0.623728887235515,D,1.0,14,5,37,36,160,55.0702702702703,13.9897288838624,41.2698593281708,105.010420493973,0.91420233463035,IT
hand,bodypart,mano,24,1,used_for_grasping,sf,456379,13.0310788836415,4,2,6,4,0.666667,0.672222,8.940513,2,0.666667,0.791806641701381,D,0.5,19,5,34,36,138,71.0382352941176,23.217069882094,46.7395506549841,150.313714974304,0.864480240256638,IT
hand,bodypart,mano,23,2,has_5_fingers,ece,456379,13.0310788836415,4,2,6,4,0.666667,0.672222,8.940513,2,0.666667,0.791806641701381,D,1.0,19,5,34,36,138,71.0382352941176,23.217069882094,46.7395506549841,150.313714974304,0.864480240256638,IT
hand,bodypart,mano,21,3,a_body_part,ch,456379,13.0310788836415,4,2,6,4,0.666667,0.672222,8.940513,2,0.666667,0.791806641701381,ND,0.2,19,5,34,36,138,71.0382352941176,23.217069882094,46.7395506549841,150.313714974304,0.864480240256638,IT
hand,bodypart,mano,10,4,extreme_part_of_arm,ew,456379,13.0310788836415,4,2,6,4,0.666667,0.672222,8.940513,2,0.666667,0.791806641701381,D,1.0,19,5,34,36,138,71.0382352941176,23.217069882094,46.7395506549841,150.313714974304,0.864480240256638,IT
hand,bodypart,mano,6,5,used_for_doing,sf,456379,13.0310788836415,4,2,6,4,0.666667,0.672222,8.940513,2,0.666667,0.791806641701381,D,1.0,19,5,34,36,138,71.0382352941176,23.217069882094,46.7395506549841,150.313714974304,0.864480240256638,IT
hand,bodypart,mano,5,6,there_are_2,eq,456379,13.0310788836415,4,2,6,4,0.666667,0.672222,8.940513,2,0.666667,0.791806641701381,ND,0.333333,19,5,34,36,138,71.0382352941176,23.217069882094,46.7395506549841,150.313714974304,0.864480240256638,IT
horse,mammal,cavallo,24,1,an_animal,ch,84651,11.3462922008406,7,3,13,8,0.615385,0.473932,5.853095,10,0.47619,2.29827241703376,D,0.1,28,7,34,54,204,108.352941176471,29.9736908859873,73.7970363677128,203.226488230883,0.864793678665496,IT
horse,mammal,cavallo,21,2,has_4_legs,ece,84651,11.3462922008406,7,3,13,8,0.615385,0.473932,5.853095,10,0.47619,2.29827241703376,ND,0.166667,28,7,34,54,204,108.352941176471,29.9736908859873,73.7970363677128,203.226488230883,0.864793678665496,IT
horse,mammal,cavallo,16,3,is_large,ese,84651,11.3462922008406,7,3,13,8,0.615385,0.473932,5.853095,10,0.47619,2.29827241703376,ND,0.111111,28,7,34,54,204,108.352941176471,29.9736908859873,73.7970363677128,203.226488230883,0.864793678665496,IT
horse,mammal,cavallo,12,4,is_fast,iep,84651,11.3462922008406,7,3,13,8,0.615385,0.473932,5.853095,10,0.47619,2.29827241703376,ND,0.333333,28,7,34,54,204,108.352941176471,29.9736908859873,73.7970363677128,203.226488230883,0.864793678665496,IT
horse,mammal,cavallo,12,4,used_for_transportation,sf,84651,11.3462922008406,7,3,13,8,0.615385,0.473932,5.853095,10,0.47619,2.29827241703376,ND,0.166667,28,7,34,54,204,108.352941176471,29.9736908859873,73.7970363677128,203.226488230883,0.864793678665496,IT
horse,mammal,cavallo,11,5,a_mammal,ch,84651,11.3462922008406,7,3,13,8,0.615385,0.473932,5.853095,10,0.47619,2.29827241703376,ND,0.2,28,7,34,54,204,108.352941176471,29.9736908859873,73.7970363677128,203.226488230883,0.864793678665496,IT
horse,mammal,cavallo,10,6,used_by_riding,sa,84651,11.3462922008406,7,3,13,8,0.615385,0.473932,5.853095,10,0.47619,2.29827241703376,D,1.0,28,7,34,54,204,108.352941176471,29.9736908859873,73.7970363677128,203.226488230883,0.864793678665496,IT
horse,mammal,cavallo,9,7,has_a_mane,ece,84651,11.3462922008406,7,3,13,8,0.615385,0.473932,5.853095,10,0.47619,2.29827241703376,D,1.0,28,7,34,54,204,108.352941176471,29.9736908859873,73.7970363677128,203.226488230883,0.864793678665496,IT
horse,mammal,cavallo,8,8,has_hooves,ece,84651,11.3462922008406,7,3,13,8,0.615385,0.473932,5.853095,10,0.47619,2.29827241703376,D,1.0,28,7,34,54,204,108.352941176471,29.9736908859873,73.7970363677128,203.226488230883,0.864793678665496,IT
horse,mammal,cavallo,7,9,beh_-_neighs,eb,84651,11.3462922008406,7,3,13,8,0.615385,0.473932,5.853095,10,0.47619,2.29827241703376,D,1.0,28,7,34,54,204,108.352941176471,29.9736908859873,73.7970363677128,203.226488230883,0.864793678665496,IT
horse,mammal,cavallo,6,10,is_edible,sa,84651,11.3462922008406,7,3,13,8,0.615385,0.473932,5.853095,10,0.47619,2.29827241703376,D,0.0833333,28,7,34,54,204,108.352941176471,29.9736908859873,73.7970363677128,203.226488230883,0.864793678665496,IT
horse,mammal,cavallo,6,10,used_for_pulling,sf,84651,11.3462922008406,7,3,13,8,0.615385,0.473932,5.853095,10,0.47619,2.29827241703376,D,0.5,28,7,34,54,204,108.352941176471,29.9736908859873,73.7970363677128,203.226488230883,0.864793678665496,IT
horse,mammal,cavallo,5,11,beh_-_eats_grass,eb,84651,11.3462922008406,7,3,13,8,0.615385,0.473932,5.853095,10,0.47619,2.29827241703376,D,0.5,28,7,34,54,204,108.352941176471,29.9736908859873,73.7970363677128,203.226488230883,0.864793678665496,IT
leg,bodypart,gamba,21,1,a_body_part,ch,59807,10.9988779899443,5,2,11,9,0.818182,0.866667,9.932513,10,1.0,5.95614298257164,ND,0.2,24,7,35,48,183,87.9673469387755,23.1170331185874,61.9452626522512,162.54705882263,0.871064586213707,IT
leg,bodypart,gamba,21,1,used_for_walking,sf,59807,10.9988779899443,5,2,11,9,0.818182,0.866667,9.932513,10,1.0,5.95614298257164,D,1.0,24,7,35,48,183,87.9673469387755,23.1170331185874,61.9452626522512,162.54705882263,0.871064586213707,IT
leg,bodypart,gamba,17,2,there_are_2,eq,59807,10.9988779899443,5,2,11,9,0.818182,0.866667,9.932513,10,1.0,5.95614298257164,ND,0.333333,24,7,35,48,183,87.9673469387755,23.1170331185874,61.9452626522512,162.54705882263,0.871064586213707,IT
leg,bodypart,gamba,13,3,connected_to_foot,se,59807,10.9988779899443,5,2,11,9,0.818182,0.866667,9.932513,10,1.0,5.95614298257164,D,1.0,24,7,35,48,183,87.9673469387755,23.1170331185874,61.9452626522512,162.54705882263,0.871064586213707,IT
leg,bodypart,gamba,11,4,a_limb,ch,59807,10.9988779899443,5,2,11,9,0.818182,0.866667,9.932513,10,1.0,5.95614298257164,D,1.0,24,7,35,48,183,87.9673469387755,23.1170331185874,61.9452626522512,162.54705882263,0.871064586213707,IT
leg,bodypart,gamba,11,4,used_for_moving,sf,59807,10.9988779899443,5,2,11,9,0.818182,0.866667,9.932513,10,1.0,5.95614298257164,D,1.0,24,7,35,48,183,87.9673469387755,23.1170331185874,61.9452626522512,162.54705882263,0.871064586213707,IT
leg,bodypart,gamba,7,5,a_lower_limb,ch,59807,10.9988779899443,5,2,11,9,0.818182,0.866667,9.932513,10,1.0,5.95614298257164,D,1.0,24,7,35,48,183,87.9673469387755,23.1170331185874,61.9452626522512,162.54705882263,0.871064586213707,IT
leg,bodypart,gamba,7,5,has_bones,eci,59807,10.9988779899443,5,2,11,9,0.818182,0.866667,9.932513,10,1.0,5.95614298257164,D,1.0,24,7,35,48,183,87.9673469387755,23.1170331185874,61.9452626522512,162.54705882263,0.871064586213707,IT
leg,bodypart,gamba,7,5,has_muscles,eci,59807,10.9988779899443,5,2,11,9,0.818182,0.866667,9.932513,10,1.0,5.95614298257164,D,1.0,24,7,35,48,183,87.9673469387755,23.1170331185874,61.9452626522512,162.54705882263,0.871064586213707,IT
leg,bodypart,gamba,6,6,has_a_knee,ece,59807,10.9988779899443,5,2,11,9,0.818182,0.866667,9.932513,10,1.0,5.95614298257164,D,1.0,24,7,35,48,183,87.9673469387755,23.1170331185874,61.9452626522512,162.54705882263,0.871064586213707,IT
leg,bodypart,gamba,5,7,connected_to_waist,se,59807,10.9988779899443,5,2,11,9,0.818182,0.866667,9.932513,10,1.0,5.95614298257164,D,1.0,24,7,35,48,183,87.9673469387755,23.1170331185874,61.9452626522512,162.54705882263,0.871064586213707,IT
potato,vegetable,patata,24,1,is_edible,sa,21026,9.95351504613578,6,3,12,9,0.75,0.613889,9.944647,6,0.4,1.79364332524639,D,0.0833333,14,5,33,34,155,53.0060606060606,13.9449201167136,39.2512124743365,102.78989214903,0.91164952810255,IT
potato,vegetable,patata,20,2,a_tuber,ch,21026,9.95351504613578,6,3,12,9,0.75,0.613889,9.944647,6,0.4,1.79364332524639,D,1.0,14,5,33,34,155,53.0060606060606,13.9449201167136,39.2512124743365,102.78989214903,0.91164952810255,IT
potato,vegetable,patata,12,3,a_vegetable,ch,21026,9.95351504613578,6,3,12,9,0.75,0.613889,9.944647,6,0.4,1.79364332524639,ND,0.2,14,5,33,34,155,53.0060606060606,13.9449201167136,39.2512124743365,102.78989214903,0.91164952810255,IT
potato,vegetable,patata,12,3,grows_underground,sl,21026,9.95351504613578,6,3,12,9,0.75,0.613889,9.944647,6,0.4,1.79364332524639,D,1.0,14,5,33,34,155,53.0060606060606,13.9449201167136,39.2512124743365,102.78989214903,0.91164952810255,IT
potato,vegetable,patata,12,3,is_yellow,ese,21026,9.95351504613578,6,3,12,9,0.75,0.613889,9.944647,6,0.4,1.79364332524639,ND,0.25,14,5,33,34,155,53.0060606060606,13.9449201167136,39.2512124743365,102.78989214903,0.91164952810255,IT
potato,vegetable,patata,8,4,comes_from_America,sor,21026,9.95351504613578,6,3,12,9,0.75,0.613889,9.944647,6,0.4,1.79364332524639,D,0.5,14,5,33,34,155,53.0060606060606,13.9449201167136,39.2512124743365,102.78989214903,0.91164952810255,IT
potato,vegetable,patata,8,4,eaten_by_cooking,sa,21026,9.95351504613578,6,3,12,9,0.75,0.613889,9.944647,6,0.4,1.79364332524639,ND,0.333333,14,5,33,34,155,53.0060606060606,13.9449201167136,39.2512124743365,102.78989214903,0.91164952810255,IT
potato,vegetable,patata,8,4,eaten_by_frying,sa,21026,9.95351504613578,6,3,12,9,0.75,0.613889,9.944647,6,0.4,1.79364332524639,D,1.0,14,5,33,34,155,53.0060606060606,13.9449201167136,39.2512124743365,102.78989214903,0.91164952810255,IT
potato,vegetable,patata,6,5,eaten_by_boiling,sa,21026,9.95351504613578,6,3,12,9,0.75,0.613889,9.944647,6,0.4,1.79364332524639,D,1.0,14,5,33,34,155,53.0060606060606,13.9449201167136,39.2512124743365,102.78989214903,0.91164952810255,IT
potato,vegetable,patata,6,5,is_brown,ese,21026,9.95351504613578,6,3,12,9,0.75,0.613889,9.944647,6,0.4,1.79364332524639,D,0.5,14,5,33,34,155,53.0060606060606,13.9449201167136,39.2512124743365,102.78989214903,0.91164952810255,IT
potato,vegetable,patata,5,6,eaten_by_oven_baking,sa,21026,9.95351504613578,6,3,12,9,0.75,0.613889,9.944647,6,0.4,1.79364332524639,D,1.0,14,5,33,34,155,53.0060606060606,13.9449201167136,39.2512124743365,102.78989214903,0.91164952810255,IT
potato,vegetable,patata,5,6,is_yellow_inside,esi,21026,9.95351504613578,6,3,12,9,0.75,0.613889,9.944647,6,0.4,1.79364332524639,D,0.5,14,5,33,34,155,53.0060606060606,13.9449201167136,39.2512124743365,102.78989214903,0.91164952810255,IT
shoes,clothing,scarpe,26,1,worn_on_feet,sf,37436,10.5303880872771,6,2,9,7,0.777778,0.649206,12.044588,1,0.333333,0.135288820022841,D,0.5,16,8,35,39,158,54.5428571428571,10.3022089963309,43.7625724592959,89.7247732665429,0.901627486437613,IT
shoes,clothing,scarpe,16,2,has_a_lace,ece,37436,10.5303880872771,6,2,9,7,0.777778,0.649206,12.044588,1,0.333333,0.135288820022841,D,1.0,16,8,35,39,158,54.5428571428571,10.3022089963309,43.7625724592959,89.7247732665429,0.901627486437613,IT
shoes,clothing,scarpe,15,3,worn_for_walking,sf,37436,10.5303880872771,6,2,9,7,0.777778,0.649206,12.044588,1,0.333333,0.135288820022841,D,1.0,16,8,35,39,158,54.5428571428571,10.3022089963309,43.7625724592959,89.7247732665429,0.901627486437613,IT
shoes,clothing,scarpe,9,4,has_a_sole,ece,37436,10.5303880872771,6,2,9,7,0.777778,0.649206,12.044588,1,0.333333,0.135288820022841,D,1.0,16,8,35,39,158,54.5428571428571,10.3022089963309,43.7625724592959,89.7247732665429,0.901627486437613,IT
shoes,clothing,scarpe,9,4,worn_for_protecting_feet,sf,37436,10.5303880872771,6,2,9,7,0.777778,0.649206,12.044588,1,0.333333,0.135288820022841,D,0.5,16,8,35,39,158,54.5428571428571,10.3022089963309,43.7625724592959,89.7247732665429,0.901627486437613,IT
shoes,clothing,scarpe,8,5,clothing,ch,37436,10.5303880872771,6,2,9,7,0.777778,0.649206,12.044588,1,0.333333,0.135288820022841,ND,0.2,16,8,35,39,158,54.5428571428571,10.3022089963309,43.7625724592959,89.7247732665429,0.901627486437613,IT
shoes,clothing,scarpe,8,5,different_colours,ese,37436,10.5303880872771,6,2,9,7,0.777778,0.649206,12.044588,1,0.333333,0.135288820022841,ND,0.142857,16,8,35,39,158,54.5428571428571,10.3022089963309,43.7625724592959,89.7247732665429,0.901627486437613,IT
shoes,clothing,scarpe,8,5,different_kinds,eq,37436,10.5303880872771,6,2,9,7,0.777778,0.649206,12.044588,1,0.333333,0.135288820022841,D,0.5,16,8,35,39,158,54.5428571428571,10.3022089963309,43.7625724592959,89.7247732665429,0.901627486437613,IT
shoes,clothing,scarpe,7,6,worn_for_covering_feet,sf,37436,10.5303880872771,6,2,9,7,0.777778,0.649206,12.044588,1,0.333333,0.135288820022841,D,1.0,16,8,35,39,158,54.5428571428571,10.3022089963309,43.7625724592959,89.7247732665429,0.901627486437613,IT
sweater,clothing,pullover,25,1,clothing,ch,281,5.63835466933375,8,3,7,5,0.714286,0.620408,12.354871,13,0.866667,5.88121581657505,ND,0.2,31,6,32,49,142,126.580729166667,43.0966867609035,77.0743641112294,263.386673699379,0.784382554318718,IT
sweater,clothing,pullover,18,2,worn_for_warmth,sf,281,5.63835466933375,8,3,7,5,0.714286,0.620408,12.354871,13,0.866667,5.88121581657505,D,0.5,31,6,32,49,142,126.580729166667,43.0966867609035,77.0743641112294,263.386673699379,0.784382554318718,IT
sweater,clothing,pullover,12,3,made_of_wool,em,281,5.63835466933375,8,3,7,5,0.714286,0.620408,12.354871,13,0.866667,5.88121581657505,D,1.0,31,6,32,49,142,126.580729166667,43.0966867609035,77.0743641112294,263.386673699379,0.784382554318718,IT
sweater,clothing,pullover,11,4,worn_for_the_cold,sf,281,5.63835466933375,8,3,7,5,0.714286,0.620408,12.354871,13,0.866667,5.88121581657505,D,0.5,31,6,32,49,142,126.580729166667,43.0966867609035,77.0743641112294,263.386673699379,0.784382554318718,IT
sweater,clothing,pullover,7,5,different_colours,ese,281,5.63835466933375,8,3,7,5,0.714286,0.620408,12.354871,13,0.866667,5.88121581657505,ND,0.142857,31,6,32,49,142,126.580729166667,43.0966867609035,77.0743641112294,263.386673699379,0.784382554318718,IT
sweater,clothing,pullover,6,6,worn_in_winter,st,281,5.63835466933375,8,3,7,5,0.714286,0.620408,12.354871,13,0.866667,5.88121581657505,D,1.0,31,6,32,49,142,126.580729166667,43.0966867609035,77.0743641112294,263.386673699379,0.784382554318718,IT
sweater,clothing,pullover,5,7,worn_on_top_of_shirts,sf,281,5.63835466933375,8,3,7,5,0.714286,0.620408,12.354871,13,0.866667,5.88121581657505,D,1.0,31,6,32,49,142,126.580729166667,43.0966867609035,77.0743641112294,263.386673699379,0.784382554318718,IT
sword,implement,spada,21,1,has_a_handle,ece,38346,10.5544054988783,5,2,16,12,0.75,0.748512,13.935861,24,0.857143,7.61301389592617,ND,0.25,13,10,34,43,192,51.2014705882353,5.9686292243981,45.2853498154046,72.4327456375775,0.935307628062361,IT
sword,implement,spada,20,2,a_weapon,ch,38346,10.5544054988783,5,2,16,12,0.75,0.748512,13.935861,24,0.857143,7.61301389592617,D,1.0,13,10,34,43,192,51.2014705882353,5.9686292243981,45.2853498154046,72.4327456375775,0.935307628062361,IT
sword,implement,spada,14,3,is_sharp,ese,38346,10.5544054988783,5,2,16,12,0.75,0.748512,13.935861,24,0.857143,7.61301389592617,D,1.0,13,10,34,43,192,51.2014705882353,5.9686292243981,45.2853498154046,72.4327456375775,0.935307628062361,IT
sword,implement,spada,11,4,has_a_blade,ece,38346,10.5544054988783,5,2,16,12,0.75,0.748512,13.935861,24,0.857143,7.61301389592617,D,1.0,13,10,34,43,192,51.2014705882353,5.9686292243981,45.2853498154046,72.4327456375775,0.935307628062361,IT
sword,implement,spada,10,5,used_for_war,eae,38346,10.5544054988783,5,2,16,12,0.75,0.748512,13.935861,24,0.857143,7.61301389592617,D,1.0,13,10,34,43,192,51.2014705882353,5.9686292243981,45.2853498154046,72.4327456375775,0.935307628062361,IT
sword,implement,spada,9,6,used_for_killing,sf,38346,10.5544054988783,5,2,16,12,0.75,0.748512,13.935861,24,0.857143,7.61301389592617,D,1.0,13,10,34,43,192,51.2014705882353,5.9686292243981,45.2853498154046,72.4327456375775,0.935307628062361,IT
sword,implement,spada,8,7,an_object,ch,38346,10.5544054988783,5,2,16,12,0.75,0.748512,13.935861,24,0.857143,7.61301389592617,ND,0.142857,13,10,34,43,192,51.2014705882353,5.9686292243981,45.2853498154046,72.4327456375775,0.935307628062361,IT
sword,implement,spada,8,7,is_long,ese,38346,10.5544054988783,5,2,16,12,0.75,0.748512,13.935861,24,0.857143,7.61301389592617,ND,0.25,13,10,34,43,192,51.2014705882353,5.9686292243981,45.2853498154046,72.4327456375775,0.935307628062361,IT
sword,implement,spada,8,7,used_for_cutting,sf,38346,10.5544054988783,5,2,16,12,0.75,0.748512,13.935861,24,0.857143,7.61301389592617,D,1.0,13,10,34,43,192,51.2014705882353,5.9686292243981,45.2853498154046,72.4327456375775,0.935307628062361,IT
sword,implement,spada,7,8,is_ancient,st,38346,10.5544054988783,5,2,16,12,0.75,0.748512,13.935861,24,0.857143,7.61301389592617,D,1.0,13,10,34,43,192,51.2014705882353,5.9686292243981,45.2853498154046,72.4327456375775,0.935307628062361,IT
sword,implement,spada,7,8,made_of_iron,em,38346,10.5544054988783,5,2,16,12,0.75,0.748512,13.935861,24,0.857143,7.61301389592617,D,0.5,13,10,34,43,192,51.2014705882353,5.9686292243981,45.2853498154046,72.4327456375775,0.935307628062361,IT
sword,implement,spada,6,9,has_a_pointed_end,ese,38346,10.5544054988783,5,2,16,12,0.75,0.748512,13.935861,24,0.857143,7.61301389592617,D,1.0,13,10,34,43,192,51.2014705882353,5.9686292243981,45.2853498154046,72.4327456375775,0.935307628062361,IT
sword,implement,spada,6,9,is_medieval,st,38346,10.5544054988783,5,2,16,12,0.75,0.748512,13.935861,24,0.857143,7.61301389592617,D,1.0,13,10,34,43,192,51.2014705882353,5.9686292243981,45.2853498154046,72.4327456375775,0.935307628062361,IT
sword,implement,spada,6,9,made_of_metal,em,38346,10.5544054988783,5,2,16,12,0.75,0.748512,13.935861,24,0.857143,7.61301389592617,D,0.5,13,10,34,43,192,51.2014705882353,5.9686292243981,45.2853498154046,72.4327456375775,0.935307628062361,IT
sword,implement,spada,5,10,is_heavy,ese,38346,10.5544054988783,5,2,16,12,0.75,0.748512,13.935861,24,0.857143,7.61301389592617,ND,0.333333,13,10,34,43,192,51.2014705882353,5.9686292243981,45.2853498154046,72.4327456375775,0.935307628062361,IT
sword,implement,spada,5,10,used_by_knights,sp,38346,10.5544054988783,5,2,16,12,0.75,0.748512,13.935861,24,0.857143,7.61301389592617,D,1.0,13,10,34,43,192,51.2014705882353,5.9686292243981,45.2853498154046,72.4327456375775,0.935307628062361,IT
table,furniture,tavolo,23,1,has_4_legs,ece,86899,11.3725018037074,6,3,10,5,0.5,0.545952,12.612951,11,0.733333,2.49941174538591,ND,0.166667,17,9,35,41,176,56.5968253968254,9.99318241329497,45.9409923854166,90.2332194595252,0.906326266015863,IT
table,furniture,tavolo,22,2,used_for_eating_on,sf,86899,11.3725018037074,6,3,10,5,0.5,0.545952,12.612951,11,0.733333,2.49941174538591,D,1.0,17,9,35,41,176,56.5968253968254,9.99318241329497,45.9409923854166,90.2332194595252,0.906326266015863,IT
table,furniture,tavolo,18,3,used_for_holding,sf,86899,11.3725018037074,6,3,10,5,0.5,0.545952,12.612951,11,0.733333,2.49941174538591,D,1.0,17,9,35,41,176,56.5968253968254,9.99318241329497,45.9409923854166,90.2332194595252,0.906326266015863,IT
table,furniture,tavolo,15,4,has_a_board,ece,86899,11.3725018037074,6,3,10,5,0.5,0.545952,12.612951,11,0.733333,2.49941174538591,D,0.5,17,9,35,41,176,56.5968253968254,9.99318241329497,45.9409923854166,90.2332194595252,0.906326266015863,IT
table,furniture,tavolo,12,5,used_for_writing_on,sf,86899,11.3725018037074,6,3,10,5,0.5,0.545952,12.612951,11,0.733333,2.49941174538591,D,1.0,17,9,35,41,176,56.5968253968254,9.99318241329497,45.9409923854166,90.2332194595252,0.906326266015863,IT
table,furniture,tavolo,11,6,furniture,ch,86899,11.3725018037074,6,3,10,5,0.5,0.545952,12.612951,11,0.733333,2.49941174538591,ND,0.2,17,9,35,41,176,56.5968253968254,9.99318241329497,45.9409923854166,90.2332194595252,0.906326266015863,IT
table,furniture,tavolo,10,7,made_of_wood,em,86899,11.3725018037074,6,3,10,5,0.5,0.545952,12.612951,11,0.733333,2.49941174538591,ND,0.25,17,9,35,41,176,56.5968253968254,9.99318241329497,45.9409923854166,90.2332194595252,0.906326266015863,IT
table,furniture,tavolo,7,8,used_for_working,sf,86899,11.3725018037074,6,3,10,5,0.5,0.545952,12.612951,11,0.733333,2.49941174538591,D,1.0,17,9,35,41,176,56.5968253968254,9.99318241329497,45.9409923854166,90.2332194595252,0.906326266015863,IT
table,furniture,tavolo,5,9,an_object,ch,86899,11.3725018037074,6,3,10,5,0.5,0.545952,12.612951,11,0.733333,2.49941174538591,ND,0.142857,17,9,35,41,176,56.5968253968254,9.99318241329497,45.9409923854166,90.2332194595252,0.906326266015863,IT
table,furniture,tavolo,5,9,made_of_different_materials,em,86899,11.3725018037074,6,3,10,5,0.5,0.545952,12.612951,11,0.733333,2.49941174538591,ND,0.2,17,9,35,41,176,56.5968253968254,9.99318241329497,45.9409923854166,90.2332194595252,0.906326266015863,IT
train,vehicle,treno,35,1,a_vehicle,ch,77220,11.2544137698182,5,2,11,6,0.5,0.495833,14.469578,18,0.642857,6.60154744594788,ND,0.2,21,4,37,41,205,94.6351351351351,36.3423334790531,57.0776097158643,219.927575168444,0.898633635551015,IT
train,vehicle,treno,33,2,used_on_rail_tracks,se,77220,11.2544137698182,5,2,11,6,0.5,0.495833,14.469578,18,0.642857,6.60154744594788,D,1.0,21,4,37,41,205,94.6351351351351,36.3423334790531,57.0776097158643,219.927575168444,0.898633635551015,IT
train,vehicle,treno,30,3,used_for_transportation,sf,77220,11.2544137698182,5,2,11,6,0.5,0.495833,14.469578,18,0.642857,6.60154744594788,ND,0.166667,21,4,37,41,205,94.6351351351351,36.3423334790531,57.0776097158643,219.927575168444,0.898633635551015,IT
train,vehicle,treno,17,4,has_cars,ece,77220,11.2544137698182,5,2,11,6,0.5,0.495833,14.469578,18,0.642857,6.60154744594788,D,1.0,21,4,37,41,205,94.6351351351351,36.3423334790531,57.0776097158643,219.927575168444,0.898633635551015,IT
train,vehicle,treno,8,5,has_a_caboose,ece,77220,11.2544137698182,5,2,11,6,0.5,0.495833,14.469578,18,0.642857,6.60154744594788,D,1.0,21,4,37,41,205,94.6351351351351,36.3423334790531,57.0776097158643,219.927575168444,0.898633635551015,IT
train,vehicle,treno,7,6,used_for_cargo,se,77220,11.2544137698182,5,2,11,6,0.5,0.495833,14.469578,18,0.642857,6.60154744594788,ND,0.25,21,4,37,41,205,94.6351351351351,36.3423334790531,57.0776097158643,219.927575168444,0.898633635551015,IT
train,vehicle,treno,6,7,is_fast,iep,77220,11.2544137698182,5,2,11,6,0.5,0.495833,14.469578,18,0.642857,6.60154744594788,ND,0.333333,21,4,37,41,205,94.6351351351351,36.3423334790531,57.0776097158643,219.927575168444,0.898633635551015,IT
train,vehicle,treno,6,7,used_by_passengers,sp,77220,11.2544137698182,5,2,11,6,0.5,0.495833,14.469578,18,0.642857,6.60154744594788,ND,0.25,21,4,37,41,205,94.6351351351351,36.3423334790531,57.0776097158643,219.927575168444,0.898633635551015,IT
train,vehicle,treno,6,7,used_for_travel,sf,77220,11.2544137698182,5,2,11,6,0.5,0.495833,14.469578,18,0.642857,6.60154744594788,D,0.5,21,4,37,41,205,94.6351351351351,36.3423334790531,57.0776097158643,219.927575168444,0.898633635551015,IT
train,vehicle,treno,5,8,is_long,ese,77220,11.2544137698182,5,2,11,6,0.5,0.495833,14.469578,18,0.642857,6.60154744594788,ND,0.25,21,4,37,41,205,94.6351351351351,36.3423334790531,57.0776097158643,219.927575168444,0.898633635551015,IT
train,vehicle,treno,5,8,makes_stops,sf,77220,11.2544137698182,5,2,11,6,0.5,0.495833,14.469578,18,0.642857,6.60154744594788,D,0.5,21,4,37,41,205,94.6351351351351,36.3423334790531,57.0776097158643,219.927575168444,0.898633635551015,IT
train,vehicle,treno,5,8,used_by_many_passengers,sp,77220,11.2544137698182,5,2,11,6,0.5,0.495833,14.469578,18,0.642857,6.60154744594788,D,0.5,21,4,37,41,205,94.6351351351351,36.3423334790531,57.0776097158643,219.927575168444,0.898633635551015,IT
apple,fruit,Apfel,30,1,a_fruit,ch,20825,9.94390946703504,5,2,13,4,0.307692,0.312393,0.596577,52,0.666667,14.5577868011333,ND,0.2,54,4,36,76,247,430.375,202.613249582178,200.957086416103,1080.99814957927,0.782298008131295,DE
apple,fruit,Apfel,20,2,grows_on_trees,sl,20825,9.94390946703504,5,2,13,4,0.307692,0.312393,0.596577,52,0.666667,14.5577868011333,ND,0.2,54,4,36,76,247,430.375,202.613249582178,200.957086416103,1080.99814957927,0.782298008131295,DE
apple,fruit,Apfel,19,3,is_green,ese,20825,9.94390946703504,5,2,13,4,0.307692,0.312393,0.596577,52,0.666667,14.5577868011333,ND,0.2,54,4,36,76,247,430.375,202.613249582178,200.957086416103,1080.99814957927,0.782298008131295,DE
apple,fruit,Apfel,19,3,is_red,ese,20825,9.94390946703504,5,2,13,4,0.307692,0.312393,0.596577,52,0.666667,14.5577868011333,ND,0.333333,54,4,36,76,247,430.375,202.613249582178,200.957086416103,1080.99814957927,0.782298008131295,DE
apple,fruit,Apfel,16,4,is_yellow,ese,20825,9.94390946703504,5,2,13,4,0.307692,0.312393,0.596577,52,0.666667,14.5577868011333,ND,0.333333,54,4,36,76,247,430.375,202.613249582178,200.957086416103,1080.99814957927,0.782298008131295,DE
apple,fruit,Apfel,15,5,is_round,ese,20825,9.94390946703504,5,2,13,4,0.307692,0.312393,0.596577,52,0.666667,14.5577868011333,ND,0.111111,54,4,36,76,247,430.375,202.613249582178,200.957086416103,1080.99814957927,0.782298008131295,DE
apple,fruit,Apfel,12,6,different_types,eq,20825,9.94390946703504,5,2,13,4,0.307692,0.312393,0.596577,52,0.666667,14.5577868011333,ND,0.166667,54,4,36,76,247,430.375,202.613249582178,200.957086416103,1080.99814957927,0.782298008131295,DE
apple,fruit,Apfel,10,7,is_healthy,iep,20825,9.94390946703504,5,2,13,4,0.307692,0.312393,0.596577,52,0.666667,14.5577868011333,ND,0.166667,54,4,36,76,247,430.375,202.613249582178,200.957086416103,1080.99814957927,0.782298008131295,DE
apple,fruit,Apfel,6,8,has_a_stem,ece,20825,9.94390946703504,5,2,13,4,0.307692,0.312393,0.596577,52,0.666667,14.5577868011333,D,0.5,54,4,36,76,247,430.375,202.613249582178,200.957086416103,1080.99814957927,0.782298008131295,DE
apple,fruit,Apfel,6,8,has_vitamins,eci,20825,9.94390946703504,5,2,13,4,0.307692,0.312393,0.596577,52,0.666667,14.5577868011333,D,0.5,54,4,36,76,247,430.375,202.613249582178,200.957086416103,1080.99814957927,0.782298008131295,DE
apple,fruit,Apfel,6,8,is_edible,sa,20825,9.94390946703504,5,2,13,4,0.307692,0.312393,0.596577,52,0.666667,14.5577868011333,D,0.1,54,4,36,76,247,430.375,202.613249582178,200.957086416103,1080.99814957927,0.782298008131295,DE
apple,fruit,Apfel,6,8,tastes_sweet,esi,20825,9.94390946703504,5,2,13,4,0.307692,0.312393,0.596577,52,0.666667,14.5577868011333,ND,0.25,54,4,36,76,247,430.375,202.613249582178,200.957086416103,1080.99814957927,0.782298008131295,DE
apple,fruit,Apfel,5,9,has_seeds,eci,20825,9.94390946703504,5,2,13,4,0.307692,0.312393,0.596577,52,0.666667,14.5577868011333,D,1.0,54,4,36,76,247,430.375,202.613249582178,200.957086416103,1080.99814957927,0.782298008131295,DE
broom,implement,Besen,27,1,has_a_handle,ece,3023,8.01400499477946,5,2,8,6,0.75,0.744792,2.85457,0,0.0,0.0,ND,0.333333,40,6,36,59,169,188.62962962963,67.9017957328102,108.381302576963,399.287517764957,0.765325108537137,DE
broom,implement,Besen,18,2,used_for_cleaning,sf,3023,8.01400499477946,5,2,8,6,0.75,0.744792,2.85457,0,0.0,0.0,D,1.0,40,6,36,59,169,188.62962962963,67.9017957328102,108.381302576963,399.287517764957,0.765325108537137,DE
broom,implement,Besen,18,2,used_for_sweeping,sf,3023,8.01400499477946,5,2,8,6,0.75,0.744792,2.85457,0,0.0,0.0,D,1.0,40,6,36,59,169,188.62962962963,67.9017957328102,108.381302576963,399.287517764957,0.765325108537137,DE
broom,implement,Besen,17,3,has_bristles,ece,3023,8.01400499477946,5,2,8,6,0.75,0.744792,2.85457,0,0.0,0.0,D,0.5,40,6,36,59,169,188.62962962963,67.9017957328102,108.381302576963,399.287517764957,0.765325108537137,DE
broom,implement,Besen,10,4,used_for_removing_dirt,sf,3023,8.01400499477946,5,2,8,6,0.75,0.744792,2.85457,0,0.0,0.0,D,1.0,40,6,36,59,169,188.62962962963,67.9017957328102,108.381302576963,399.287517764957,0.765325108537137,DE
broom,implement,Besen,7,5,associated_with_witches,se,3023,8.01400499477946,5,2,8,6,0.75,0.744792,2.85457,0,0.0,0.0,D,1.0,40,6,36,59,169,188.62962962963,67.9017957328102,108.381302576963,399.287517764957,0.765325108537137,DE
broom,implement,Besen,6,6,used_on_floor,sl,3023,8.01400499477946,5,2,8,6,0.75,0.744792,2.85457,0,0.0,0.0,D,1.0,40,6,36,59,169,188.62962962963,67.9017957328102,108.381302576963,399.287517764957,0.765325108537137,DE
broom,implement,Besen,5,7,made_of_wood,em,3023,8.01400499477946,5,2,8,6,0.75,0.744792,2.85457,0,0.0,0.0,ND,0.125,40,6,36,59,169,188.62962962963,67.9017957328102,108.381302576963,399.287517764957,0.765325108537137,DE
dog,mammal,Hund,44,1,an_animal,ch,153091,11.9387877948101,4,1,9,5,0.555556,0.534568,4.434199,15,0.714286,5.68497174407853,ND,0.111111,58,13,35,88,232,213.687912087912,49.2986395918308,147.881223515749,351.813100626844,0.753253253253253,DE
dog,mammal,Hund,22,2,used_as_pet,sr,153091,11.9387877948101,4,1,9,5,0.555556,0.534568,4.434199,15,0.714286,5.68497174407853,D,0.5,58,13,35,88,232,213.687912087912,49.2986395918308,147.881223515749,351.813100626844,0.753253253253253,DE
dog,mammal,Hund,17,3,beh_-_barks,eb,153091,11.9387877948101,4,1,9,5,0.555556,0.534568,4.434199,15,0.714286,5.68497174407853,D,1.0,58,13,35,88,232,213.687912087912,49.2986395918308,147.881223515749,351.813100626844,0.753253253253253,DE
dog,mammal,Hund,14,4,has_4_legs,ece,153091,11.9387877948101,4,1,9,5,0.555556,0.534568,4.434199,15,0.714286,5.68497174407853,ND,0.2,58,13,35,88,232,213.687912087912,49.2986395918308,147.881223515749,351.813100626844,0.753253253253253,DE
dog,mammal,Hund,10,5,has_a_tail,ece,153091,11.9387877948101,4,1,9,5,0.555556,0.534568,4.434199,15,0.714286,5.68497174407853,D,0.5,58,13,35,88,232,213.687912087912,49.2986395918308,147.881223515749,351.813100626844,0.753253253253253,DE
dog,mammal,Hund,8,6,is_man's_best_friend,sr,153091,11.9387877948101,4,1,9,5,0.555556,0.534568,4.434199,15,0.714286,5.68497174407853,D,1.0,58,13,35,88,232,213.687912087912,49.2986395918308,147.881223515749,351.813100626844,0.753253253253253,DE
dog,mammal,Hund,6,7,different_types,eq,153091,11.9387877948101,4,1,9,5,0.555556,0.534568,4.434199,15,0.714286,5.68497174407853,ND,0.166667,58,13,35,88,232,213.687912087912,49.2986395918308,147.881223515749,351.813100626844,0.753253253253253,DE
dog,mammal,Hund,6,7,has_4_paws,ece,153091,11.9387877948101,4,1,9,5,0.555556,0.534568,4.434199,15,0.714286,5.68497174407853,D,1.0,58,13,35,88,232,213.687912087912,49.2986395918308,147.881223515749,351.813100626844,0.753253253253253,DE
dog,mammal,Hund,6,7,has_a_fur,ece,153091,11.9387877948101,4,1,9,5,0.555556,0.534568,4.434199,15,0.714286,5.68497174407853,ND,0.333333,58,13,35,88,232,213.687912087912,49.2986395918308,147.881223515749,351.813100626844,0.753253253253253,DE
eye,bodypart,Auge,32,1,used_for_seeing,sf,298822,12.6076033573751,4,2,11,7,0.636364,0.713636,7.962316,3,0.3,0.848363894566285,D,1.0,28,9,37,59,207,101.378378378378,22.3268182044702,75.0639038621474,170.798910737563,0.867107381981524,DE
eye,bodypart,Auge,18,2,there_are_2,eq,298822,12.6076033573751,4,2,11,7,0.636364,0.713636,7.962316,3,0.3,0.848363894566285,D,1.0,28,9,37,59,207,101.378378378378,22.3268182044702,75.0639038621474,170.798910737563,0.867107381981524,DE
eye,bodypart,Auge,14,3,different_colours,ese,298822,12.6076033573751,4,2,11,7,0.636364,0.713636,7.962316,3,0.3,0.848363894566285,ND,0.2,28,9,37,59,207,101.378378378378,22.3268182044702,75.0639038621474,170.798910737563,0.867107381981524,DE
eye,bodypart,Auge,11,4,located_in_the_face,sl,298822,12.6076033573751,4,2,11,7,0.636364,0.713636,7.962316,3,0.3,0.848363894566285,D,1.0,28,9,37,59,207,101.378378378378,22.3268182044702,75.0639038621474,170.798910737563,0.867107381981524,DE
eye,bodypart,Auge,8,5,an_organ,ch,298822,12.6076033573751,4,2,11,7,0.636364,0.713636,7.962316,3,0.3,0.848363894566285,D,1.0,28,9,37,59,207,101.378378378378,22.3268182044702,75.0639038621474,170.798910737563,0.867107381981524,DE
eye,bodypart,Auge,8,5,is_blue,ese,298822,12.6076033573751,4,2,11,7,0.636364,0.713636,7.962316,3,0.3,0.848363894566285,D,1.0,28,9,37,59,207,101.378378378378,22.3268182044702,75.0639038621474,170.798910737563,0.867107381981524,DE
eye,bodypart,Auge,8,5,is_brown,ese,298822,12.6076033573751,4,2,11,7,0.636364,0.713636,7.962316,3,0.3,0.848363894566285,ND,0.25,28,9,37,59,207,101.378378378378,22.3268182044702,75.0639038621474,170.798910737563,0.867107381981524,DE
eye,bodypart,Auge,8,5,is_green,ese,298822,12.6076033573751,4,2,11,7,0.636364,0.713636,7.962316,3,0.3,0.848363894566285,ND,0.2,28,9,37,59,207,101.378378378378,22.3268182044702,75.0639038621474,170.798910737563,0.867107381981524,DE
eye,bodypart,Auge,7,6,used_for_sensing,sf,298822,12.6076033573751,4,2,11,7,0.636364,0.713636,7.962316,3,0.3,0.848363894566285,D,1.0,28,9,37,59,207,101.378378378378,22.3268182044702,75.0639038621474,170.798910737563,0.867107381981524,DE
eye,bodypart,Auge,6,7,part_of_body,ch,298822,12.6076033573751,4,2,11,7,0.636364,0.713636,7.962316,3,0.3,0.848363894566285,ND,0.2,28,9,37,59,207,101.378378378378,22.3268182044702,75.0639038621474,170.798910737563,0.867107381981524,DE
eye,bodypart,Auge,5,8,located_in_the_human_face,sl,298822,12.6076033573751,4,2,11,7,0.636364,0.713636,7.962316,3,0.3,0.848363894566285,D,1.0,28,9,37,59,207,101.378378378378,22.3268182044702,75.0639038621474,170.798910737563,0.867107381981524,DE
hand,bodypart,Hand,19,1,has_5_fingers,ece,339811,12.7361448596795,4,1,11,10,0.909091,0.7,6.082178,10,1.0,4.75243967103551,D,1.0,50,6,37,71,176,273.702702702703,101.675158410685,151.095859981301,583.990130733008,0.717790487658037,DE
hand,bodypart,Hand,17,2,part_of_body,ch,339811,12.7361448596795,4,1,11,10,0.909091,0.7,6.082178,10,1.0,4.75243967103551,ND,0.2,50,6,37,71,176,273.702702702703,101.675158410685,151.095859981301,583.990130733008,0.717790487658037,DE
hand,bodypart,Hand,13,3,humans_have_2,eq,339811,12.7361448596795,4,1,11,10,0.909091,0.7,6.082178,10,1.0,4.75243967103551,D,0.5,50,6,37,71,176,273.702702702703,101.675158410685,151.095859981301,583.990130733008,0.717790487658037,DE
hand,bodypart,Hand,11,4,used_for_grasping,sf,339811,12.7361448596795,4,1,11,10,0.909091,0.7,6.082178,10,1.0,4.75243967103551,D,0.5,50,6,37,71,176,273.702702702703,101.675158410685,151.095859981301,583.990130733008,0.717790487658037,DE
hand,bodypart,Hand,7,5,used_for_feeling,sf,339811,12.7361448596795,4,1,11,10,0.909091,0.7,6.082178,10,1.0,4.75243967103551,D,0.5,50,6,37,71,176,273.702702702703,101.675158410685,151.095859981301,583.990130733008,0.717790487658037,DE
hand,bodypart,Hand,6,6,has_fingers,ece,339811,12.7361448596795,4,1,11,10,0.909091,0.7,6.082178,10,1.0,4.75243967103551,D,1.0,50,6,37,71,176,273.702702702703,101.675158410685,151.095859981301,583.990130733008,0.717790487658037,DE
hand,bodypart,Hand,6,6,located_at_arm,sl,339811,12.7361448596795,4,1,11,10,0.909091,0.7,6.082178,10,1.0,4.75243967103551,D,1.0,50,6,37,71,176,273.702702702703,101.675158410685,151.095859981301,583.990130733008,0.717790487658037,DE
hand,bodypart,Hand,6,6,used_for_writing,sf,339811,12.7361448596795,4,1,11,10,0.909091,0.7,6.082178,10,1.0,4.75243967103551,D,1.0,50,6,37,71,176,273.702702702703,101.675158410685,151.095859981301,583.990130733008,0.717790487658037,DE
hand,bodypart,Hand,5,7,is_flexible,iep,339811,12.7361448596795,4,1,11,10,0.909091,0.7,6.082178,10,1.0,4.75243967103551,D,0.5,50,6,37,71,176,273.702702702703,101.675158410685,151.095859981301,583.990130733008,0.717790487658037,DE
hand,bodypart,Hand,5,7,part_of_human_body,ew,339811,12.7361448596795,4,1,11,10,0.909091,0.7,6.082178,10,1.0,4.75243967103551,D,0.5,50,6,37,71,176,273.702702702703,101.675158410685,151.095859981301,583.990130733008,0.717790487658037,DE
hand,bodypart,Hand,5,7,used_for_lifting,sf,339811,12.7361448596795,4,1,11,10,0.909091,0.7,6.082178,10,1.0,4.75243967103551,D,1.0,50,6,37,71,176,273.702702702703,101.675158410685,151.095859981301,583.990130733008,0.717790487658037,DE
horse,mammal,Pferd,29,1,an_animal,ch,83840,11.3366654995549,5,1,10,7,0.7,0.645397,5.382119,6,0.6,1.14490441322221,ND,0.111111,57,11,36,86,221,229.579545454545,58.8587372784472,152.314113650296,396.870261821587,0.744894639904701,DE
horse,mammal,Pferd,28,2,used_by_riding,sa,83840,11.3366654995549,5,1,10,7,0.7,0.645397,5.382119,6,0.6,1.14490441322221,D,1.0,57,11,36,86,221,229.579545454545,58.8587372784472,152.314113650296,396.870261821587,0.744894639904701,DE
horse,mammal,Pferd,14,3,has_4_legs,ece,83840,11.3366654995549,5,1,10,7,0.7,0.645397,5.382119,6,0.6,1.14490441322221,ND,0.2,57,11,36,86,221,229.579545454545,58.8587372784472,152.314113650296,396.870261821587,0.744894639904701,DE
horse,mammal,Pferd,12,4,is_large,ese,83840,11.3366654995549,5,1,10,7,0.7,0.645397,5.382119,6,0.6,1.14490441322221,ND,0.142857,57,11,36,86,221,229.579545454545,58.8587372784472,152.314113650296,396.870261821587,0.744894639904701,DE
horse,mammal,Pferd,8,5,has_hooves,ece,83840,11.3366654995549,5,1,10,7,0.7,0.645397,5.382119,6,0.6,1.14490441322221,D,1.0,57,11,36,86,221,229.579545454545,58.8587372784472,152.314113650296,396.870261821587,0.744894639904701,DE
horse,mammal,Pferd,7,6,has_a_long_tail,ece,83840,11.3366654995549,5,1,10,7,0.7,0.645397,5.382119,6,0.6,1.14490441322221,D,1.0,57,11,36,86,221,229.579545454545,58.8587372784472,152.314113650296,396.870261821587,0.744894639904701,DE
horse,mammal,Pferd,6,7,has_a_mane,ece,83840,11.3366654995549,5,1,10,7,0.7,0.645397,5.382119,6,0.6,1.14490441322221,D,1.0,57,11,36,86,221,229.579545454545,58.8587372784472,152.314113650296,396.870261821587,0.744894639904701,DE
horse,mammal,Pferd,5,8,a_mammal,ch,83840,11.3366654995549,5,1,10,7,0.7,0.645397,5.382119,6,0.6,1.14490441322221,D,0.5,57,11,36,86,221,229.579545454545,58.8587372784472,152.314113650296,396.870261821587,0.744894639904701,DE
horse,mammal,Pferd,5,8,beh_-_snickers,eb,83840,11.3366654995549,5,1,10,7,0.7,0.645397,5.382119,6,0.6,1.14490441322221,D,1.0,57,11,36,86,221,229.579545454545,58.8587372784472,152.314113650296,396.870261821587,0.744894639904701,DE
horse,mammal,Pferd,5,8,has_a_tail,ece,83840,11.3366654995549,5,1,10,7,0.7,0.645397,5.382119,6,0.6,1.14490441322221,D,0.5,57,11,36,86,221,229.579545454545,58.8587372784472,152.314113650296,396.870261821587,0.744894639904701,DE
leg,bodypart,Bein,23,1,used_for_walking,sf,67463,11.1193345784244,4,1,9,7,0.777778,0.725926,9.526096,6,1.0,2.37027889934901,D,1.0,53,5,35,74,176,346.874285714286,144.168652801544,177.184333910293,795.624814371687,0.700525536825206,DE
leg,bodypart,Bein,18,2,humans_have_2,eq,67463,11.1193345784244,4,1,9,7,0.777778,0.725926,9.526096,6,1.0,2.37027889934901,D,0.5,53,5,35,74,176,346.874285714286,144.168652801544,177.184333910293,795.624814371687,0.700525536825206,DE
leg,bodypart,Bein,13,3,part_of_body,ch,67463,11.1193345784244,4,1,9,7,0.777778,0.725926,9.526096,6,1.0,2.37027889934901,ND,0.2,53,5,35,74,176,346.874285714286,144.168652801544,177.184333910293,795.624814371687,0.700525536825206,DE
leg,bodypart,Bein,13,3,used_for_moving,sf,67463,11.1193345784244,4,1,9,7,0.777778,0.725926,9.526096,6,1.0,2.37027889934901,ND,0.333333,53,5,35,74,176,346.874285714286,144.168652801544,177.184333910293,795.624814371687,0.700525536825206,DE
leg,bodypart,Bein,6,4,part_of_human_body,ew,67463,11.1193345784244,4,1,9,7,0.777778,0.725926,9.526096,6,1.0,2.37027889934901,D,0.5,53,5,35,74,176,346.874285714286,144.168652801544,177.184333910293,795.624814371687,0.700525536825206,DE
leg,bodypart,Bein,5,5,has_a_knee,ece,67463,11.1193345784244,4,1,9,7,0.777778,0.725926,9.526096,6,1.0,2.37027889934901,D,1.0,53,5,35,74,176,346.874285714286,144.168652801544,177.184333910293,795.624814371687,0.700525536825206,DE
leg,bodypart,Bein,5,5,has_a_lower_leg,se,67463,11.1193345784244,4,1,9,7,0.777778,0.725926,9.526096,6,1.0,2.37027889934901,D,1.0,53,5,35,74,176,346.874285714286,144.168652801544,177.184333910293,795.624814371687,0.700525536825206,DE
leg,bodypart,Bein,5,5,has_bones,eci,67463,11.1193345784244,4,1,9,7,0.777778,0.725926,9.526096,6,1.0,2.37027889934901,D,1.0,53,5,35,74,176,346.874285714286,144.168652801544,177.184333910293,795.624814371687,0.700525536825206,DE
leg,bodypart,Bein,5,5,has_thigh,ece,67463,11.1193345784244,4,1,9,7,0.777778,0.725926,9.526096,6,1.0,2.37027889934901,D,1.0,53,5,35,74,176,346.874285714286,144.168652801544,177.184333910293,795.624814371687,0.700525536825206,DE
potato,vegetable,Kartoffel,20,1,grows_underground,sl,21495,9.97557562893038,9,3,16,11,0.6875,0.603819,7.961965,23,0.638889,6.79175646881084,D,0.5,46,9,38,78,223,192.461988304094,52.0524191851515,126.933489736826,345.74192556037,0.795880696631557,DE
potato,vegetable,Kartoffel,19,2,a_vegetable,ch,21495,9.97557562893038,9,3,16,11,0.6875,0.603819,7.961965,23,0.638889,6.79175646881084,ND,0.2,46,9,38,78,223,192.461988304094,52.0524191851515,126.933489736826,345.74192556037,0.795880696631557,DE
potato,vegetable,Kartoffel,10,3,is_brown,ese,21495,9.97557562893038,9,3,16,11,0.6875,0.603819,7.961965,23,0.638889,6.79175646881084,ND,0.25,46,9,38,78,223,192.461988304094,52.0524191851515,126.933489736826,345.74192556037,0.795880696631557,DE
potato,vegetable,Kartoffel,10,3,is_edible,sa,21495,9.97557562893038,9,3,16,11,0.6875,0.603819,7.961965,23,0.638889,6.79175646881084,D,0.1,46,9,38,78,223,192.461988304094,52.0524191851515,126.933489736826,345.74192556037,0.795880696631557,DE
potato,vegetable,Kartoffel,10,3,is_yellow_inside,esi,21495,9.97557562893038,9,3,16,11,0.6875,0.603819,7.961965,23,0.638889,6.79175646881084,D,0.5,46,9,38,78,223,192.461988304094,52.0524191851515,126.933489736826,345.74192556037,0.795880696631557,DE
potato,vegetable,Kartoffel,8,4,used_for_french_fries,se,21495,9.97557562893038,9,3,16,11,0.6875,0.603819,7.961965,23,0.638889,6.79175646881084,D,1.0,46,9,38,78,223,192.461988304094,52.0524191851515,126.933489736826,345.74192556037,0.795880696631557,DE
potato,vegetable,Kartoffel,7,5,a_food,ch,21495,9.97557562893038,9,3,16,11,0.6875,0.603819,7.961965,23,0.638889,6.79175646881084,D,1.0,46,9,38,78,223,192.461988304094,52.0524191851515,126.933489736826,345.74192556037,0.795880696631557,DE
potato,vegetable,Kartoffel,6,6,a_corm,ch,21495,9.97557562893038,9,3,16,11,0.6875,0.603819,7.961965,23,0.638889,6.79175646881084,D,1.0,46,9,38,78,223,192.461988304094,52.0524191851515,126.933489736826,345.74192556037,0.795880696631557,DE
potato,vegetable,Kartoffel,6,6,eaten_by_cooking,sa,21495,9.97557562893038,9,3,16,11,0.6875,0.603819,7.961965,23,0.638889,6.79175646881084,D,0.5,46,9,38,78,223,192.461988304094,52.0524191851515,126.933489736826,345.74192556037,0.795880696631557,DE
potato,vegetable,Kartoffel,6,6,is_round,ese,21495,9.97557562893038,9,3,16,11,0.6875,0.603819,7.961965,23,0.638889,6.79175646881084,ND,0.111111,46,9,38,78,223,192.461988304094,52.0524191851515,126.933489736826,345.74192556037,0.795880696631557,DE
potato,vegetable,Kartoffel,6,6,used_for_different_meals,se,21495,9.97557562893038,9,3,16,11,0.6875,0.603819,7.961965,23,0.638889,6.79175646881084,D,1.0,46,9,38,78,223,192.461988304094,52.0524191851515,126.933489736826,345.74192556037,0.795880696631557,DE
potato,vegetable,Kartoffel,5,7,has_a_peel,ece,21495,9.97557562893038,9,3,16,11,0.6875,0.603819,7.961965,23,0.638889,6.79175646881084,ND,0.333333,46,9,38,78,223,192.461988304094,52.0524191851515,126.933489736826,345.74192556037,0.795880696631557,DE
potato,vegetable,Kartoffel,5,7,has_carbohydrates,eci,21495,9.97557562893038,9,3,16,11,0.6875,0.603819,7.961965,23,0.638889,6.79175646881084,D,1.0,46,9,38,78,223,192.461988304094,52.0524191851515,126.933489736826,345.74192556037,0.795880696631557,DE
potato,vegetable,Kartoffel,5,7,has_starch,eci,21495,9.97557562893038,9,3,16,11,0.6875,0.603819,7.961965,23,0.638889,6.79175646881084,D,1.0,46,9,38,78,223,192.461988304094,52.0524191851515,126.933489736826,345.74192556037,0.795880696631557,DE
potato,vegetable,Kartoffel,5,7,is_healthy,iep,21495,9.97557562893038,9,3,16,11,0.6875,0.603819,7.961965,23,0.638889,6.79175646881084,ND,0.166667,46,9,38,78,223,192.461988304094,52.0524191851515,126.933489736826,345.74192556037,0.795880696631557,DE
potato,vegetable,Kartoffel,5,7,is_oval,ese,21495,9.97557562893038,9,3,16,11,0.6875,0.603819,7.961965,23,0.638889,6.79175646881084,D,1.0,46,9,38,78,223,192.461988304094,52.0524191851515,126.933489736826,345.74192556037,0.795880696631557,DE
shoes,clothing,Schuhe,12,1,worn_on_feet,sf,40232,10.6024179778518,6,2,12,8,0.666667,0.7,9.984965,3,0.5,0.547644561539792,D,0.5,52,14,38,88,201,182.03007518797,37.4927216204313,132.289389999143,287.633705499812,0.745004485767882,DE
shoes,clothing,Schuhe,9,2,clothing,ch,40232,10.6024179778518,6,2,12,8,0.666667,0.7,9.984965,3,0.5,0.547644561539792,ND,0.2,52,14,38,88,201,182.03007518797,37.4927216204313,132.289389999143,287.633705499812,0.745004485767882,DE
shoes,clothing,Schuhe,9,2,has_a_sole,ece,40232,10.6024179778518,6,2,12,8,0.666667,0.7,9.984965,3,0.5,0.547644561539792,D,1.0,52,14,38,88,201,182.03007518797,37.4927216204313,132.289389999143,287.633705499812,0.745004485767882,DE
shoes,clothing,Schuhe,9,2,used_for_feet,sa,40232,10.6024179778518,6,2,12,8,0.666667,0.7,9.984965,3,0.5,0.547644561539792,D,1.0,52,14,38,88,201,182.03007518797,37.4927216204313,132.289389999143,287.633705499812,0.745004485767882,DE
shoes,clothing,Schuhe,8,3,has_a_lace,ece,40232,10.6024179778518,6,2,12,8,0.666667,0.7,9.984965,3,0.5,0.547644561539792,D,1.0,52,14,38,88,201,182.03007518797,37.4927216204313,132.289389999143,287.633705499812,0.745004485767882,DE
shoes,clothing,Schuhe,7,4,different_sizes,ese,40232,10.6024179778518,6,2,12,8,0.666667,0.7,9.984965,3,0.5,0.547644561539792,ND,0.333333,52,14,38,88,201,182.03007518797,37.4927216204313,132.289389999143,287.633705499812,0.745004485767882,DE
shoes,clothing,Schuhe,7,4,different_types,eq,40232,10.6024179778518,6,2,12,8,0.666667,0.7,9.984965,3,0.5,0.547644561539792,ND,0.166667,52,14,38,88,201,182.03007518797,37.4927216204313,132.289389999143,287.633705499812,0.745004485767882,DE
shoes,clothing,Schuhe,7,4,worn_for_protection,sf,40232,10.6024179778518,6,2,12,8,0.666667,0.7,9.984965,3,0.5,0.547644561539792,D,1.0,52,14,38,88,201,182.03007518797,37.4927216204313,132.289389999143,287.633705499812,0.745004485767882,DE
shoes,clothing,Schuhe,6,5,associated_with_women,se,40232,10.6024179778518,6,2,12,8,0.666667,0.7,9.984965,3,0.5,0.547644561539792,D,1.0,52,14,38,88,201,182.03007518797,37.4927216204313,132.289389999143,287.633705499812,0.745004485767882,DE
shoes,clothing,Schuhe,6,5,worn_for_protection_from_cold,sf,40232,10.6024179778518,6,2,12,8,0.666667,0.7,9.984965,3,0.5,0.547644561539792,D,1.0,52,14,38,88,201,182.03007518797,37.4927216204313,132.289389999143,287.633705499812,0.745004485767882,DE
shoes,clothing,Schuhe,5,6,different_colours,ese,40232,10.6024179778518,6,2,12,8,0.666667,0.7,9.984965,3,0.5,0.547644561539792,ND,0.2,52,14,38,88,201,182.03007518797,37.4927216204313,132.289389999143,287.633705499812,0.745004485767882,DE
shoes,clothing,Schuhe,5,6,worn_for_protection_from_injuries,sf,40232,10.6024179778518,6,2,12,8,0.666667,0.7,9.984965,3,0.5,0.547644561539792,D,1.0,52,14,38,88,201,182.03007518797,37.4927216204313,132.289389999143,287.633705499812,0.745004485767882,DE
sweater,clothing,Pullover,16,1,clothing,ch,3428,8.13973227971767,8,3,11,9,0.818182,0.536364,10.886484,43,0.955556,18.1030093656851,ND,0.2,53,9,35,78,200,229.596825396825,66.6300821092525,144.520364015683,423.482136342151,0.737620879120879,DE
sweater,clothing,Pullover,16,1,worn,sf,3428,8.13973227971767,8,3,11,9,0.818182,0.536364,10.886484,43,0.955556,18.1030093656851,D,0.5,53,9,35,78,200,229.596825396825,66.6300821092525,144.520364015683,423.482136342151,0.737620879120879,DE
sweater,clothing,Pullover,15,2,made_of_wool,em,3428,8.13973227971767,8,3,11,9,0.818182,0.536364,10.886484,43,0.955556,18.1030093656851,D,0.5,53,9,35,78,200,229.596825396825,66.6300821092525,144.520364015683,423.482136342151,0.737620879120879,DE
sweater,clothing,Pullover,11,3,has_long_sleeves,ece,3428,8.13973227971767,8,3,11,9,0.818182,0.536364,10.886484,43,0.955556,18.1030093656851,D,0.5,53,9,35,78,200,229.596825396825,66.6300821092525,144.520364015683,423.482136342151,0.737620879120879,DE
sweater,clothing,Pullover,10,4,worn_for_the_cold,sf,3428,8.13973227971767,8,3,11,9,0.818182,0.536364,10.886484,43,0.955556,18.1030093656851,D,0.5,53,9,35,78,200,229.596825396825,66.6300821092525,144.520364015683,423.482136342151,0.737620879120879,DE
sweater,clothing,Pullover,10,4,worn_for_warmth,sf,3428,8.13973227971767,8,3,11,9,0.818182,0.536364,10.886484,43,0.955556,18.1030093656851,D,0.5,53,9,35,78,200,229.596825396825,66.6300821092525,144.520364015683,423.482136342151,0.737620879120879,DE
sweater,clothing,Pullover,8,5,worn_in_winter,st,3428,8.13973227971767,8,3,11,9,0.818182,0.536364,10.886484,43,0.955556,18.1030093656851,D,0.5,53,9,35,78,200,229.596825396825,66.6300821092525,144.520364015683,423.482136342151,0.737620879120879,DE
sweater,clothing,Pullover,8,5,worn_on_torso,sf,3428,8.13973227971767,8,3,11,9,0.818182,0.536364,10.886484,43,0.955556,18.1030093656851,D,1.0,53,9,35,78,200,229.596825396825,66.6300821092525,144.520364015683,423.482136342151,0.737620879120879,DE
sweater,clothing,Pullover,7,6,different_colours,ese,3428,8.13973227971767,8,3,11,9,0.818182,0.536364,10.886484,43,0.955556,18.1030093656851,ND,0.2,53,9,35,78,200,229.596825396825,66.6300821092525,144.520364015683,423.482136342151,0.737620879120879,DE
sweater,clothing,Pullover,7,6,is_warm,iep,3428,8.13973227971767,8,3,11,9,0.818182,0.536364,10.886484,43,0.955556,18.1030093656851,D,1.0,53,9,35,78,200,229.596825396825,66.6300821092525,144.520364015683,423.482136342151,0.737620879120879,DE
sweater,clothing,Pullover,5,7,made_of_cotton,em,3428,8.13973227971767,8,3,11,9,0.818182,0.536364,10.886484,43,0.955556,18.1030093656851,D,0.5,53,9,35,78,200,229.596825396825,66.6300821092525,144.520364015683,423.482136342151,0.737620879120879,DE
sword,implement,Schwert,19,1,used_for_fighting,sf,27220,10.2117072762055,7,1,13,11,0.846154,0.782051,16.053632,1,0.1,0.987924373781878,D,1.0,42,9,37,70,188,165.351351351351,44.401054219218,110.015865111779,297.206888546127,0.779224030037547,DE
sword,implement,Schwert,13,2,used_by_knights,sp,27220,10.2117072762055,7,1,13,11,0.846154,0.782051,16.053632,1,0.1,0.987924373781878,D,1.0,42,9,37,70,188,165.351351351351,44.401054219218,110.015865111779,297.206888546127,0.779224030037547,DE
sword,implement,Schwert,11,3,a_weapon,ch,27220,10.2117072762055,7,1,13,11,0.846154,0.782051,16.053632,1,0.1,0.987924373781878,D,1.0,42,9,37,70,188,165.351351351351,44.401054219218,110.015865111779,297.206888546127,0.779224030037547,DE
sword,implement,Schwert,11,3,is_sharp,ese,27220,10.2117072762055,7,1,13,11,0.846154,0.782051,16.053632,1,0.1,0.987924373781878,D,1.0,42,9,37,70,188,165.351351351351,44.401054219218,110.015865111779,297.206888546127,0.779224030037547,DE
sword,implement,Schwert,8,4,has_a_handle,ece,27220,10.2117072762055,7,1,13,11,0.846154,0.782051,16.053632,1,0.1,0.987924373781878,ND,0.333333,42,9,37,70,188,165.351351351351,44.401054219218,110.015865111779,297.206888546127,0.779224030037547,DE
sword,implement,Schwert,8,4,made_of_iron,em,27220,10.2117072762055,7,1,13,11,0.846154,0.782051,16.053632,1,0.1,0.987924373781878,D,0.5,42,9,37,70,188,165.351351351351,44.401054219218,110.015865111779,297.206888546127,0.779224030037547,DE
sword,implement,Schwert,7,5,is_pointed,ese,27220,10.2117072762055,7,1,13,11,0.846154,0.782051,16.053632,1,0.1,0.987924373781878,D,1.0,42,9,37,70,188,165.351351351351,44.401054219218,110.015865111779,297.206888546127,0.779224030037547,DE
sword,implement,Schwert,7,5,made_of_metal,em,27220,10.2117072762055,7,1,13,11,0.846154,0.782051,16.053632,1,0.1,0.987924373781878,D,0.5,42,9,37,70,188,165.351351351351,44.401054219218,110.015865111779,297.206888546127,0.779224030037547,DE
sword,implement,Schwert,6,6,used_for_injuring_humans,sf,27220,10.2117072762055,7,1,13,11,0.846154,0.782051,16.053632,1,0.1,0.987924373781878,D,1.0,42,9,37,70,188,165.351351351351,44.401054219218,110.015865111779,297.206888546127,0.779224030037547,DE
sword,implement,Schwert,5,7,has_a_blade,ece,27220,10.2117072762055,7,1,13,11,0.846154,0.782051,16.053632,1,0.1,0.987924373781878,D,1.0,42,9,37,70,188,165.351351351351,44.401054219218,110.015865111779,297.206888546127,0.779224030037547,DE
sword,implement,Schwert,5,7,is_dangerous,iep,27220,10.2117072762055,7,1,13,11,0.846154,0.782051,16.053632,1,0.1,0.987924373781878,D,0.5,42,9,37,70,188,165.351351351351,44.401054219218,110.015865111779,297.206888546127,0.779224030037547,DE
sword,implement,Schwert,5,7,is_long,ese,27220,10.2117072762055,7,1,13,11,0.846154,0.782051,16.053632,1,0.1,0.987924373781878,ND,0.333333,42,9,37,70,188,165.351351351351,44.401054219218,110.015865111779,297.206888546127,0.779224030037547,DE
sword,implement,Schwert,5,7,used_for_killing_humans,sf,27220,10.2117072762055,7,1,13,11,0.846154,0.782051,16.053632,1,0.1,0.987924373781878,D,1.0,42,9,37,70,188,165.351351351351,44.401054219218,110.015865111779,297.206888546127,0.779224030037547,DE
table,furniture,Tisch,27,1,used_for_eating_on,sf,88329,11.3888237584932,5,1,10,6,0.6,0.668611,11.538922,10,0.666667,3.73375793531312,D,1.0,44,5,37,62,192,250.367567567568,102.520744188886,131.410883762686,573.192749434442,0.772271016311167,DE
table,furniture,Tisch,23,2,has_4_legs,ece,88329,11.3888237584932,5,1,10,6,0.6,0.668611,11.538922,10,0.666667,3.73375793531312,ND,0.2,44,5,37,62,192,250.367567567568,102.520744188886,131.410883762686,573.192749434442,0.772271016311167,DE
table,furniture,Tisch,20,3,made_of_wood,em,88329,11.3888237584932,5,1,10,6,0.6,0.668611,11.538922,10,0.666667,3.73375793531312,ND,0.125,44,5,37,62,192,250.367567567568,102.520744188886,131.410883762686,573.192749434442,0.772271016311167,DE
table,furniture,Tisch,18,4,used_for_holding,sf,88329,11.3888237584932,5,1,10,6,0.6,0.668611,11.538922,10,0.666667,3.73375793531312,D,1.0,44,5,37,62,192,250.367567567568,102.520744188886,131.410883762686,573.192749434442,0.772271016311167,DE
table,furniture,Tisch,9,5,has_a_plate,ece,88329,11.3888237584932,5,1,10,6,0.6,0.668611,11.538922,10,0.666667,3.73375793531312,D,1.0,44,5,37,62,192,250.367567567568,102.520744188886,131.410883762686,573.192749434442,0.772271016311167,DE
table,furniture,Tisch,8,6,associated_with_chairs,se,88329,11.3888237584932,5,1,10,6,0.6,0.668611,11.538922,10,0.666667,3.73375793531312,D,1.0,44,5,37,62,192,250.367567567568,102.520744188886,131.410883762686,573.192749434442,0.772271016311167,DE
table,furniture,Tisch,8,6,furniture,ch,88329,11.3888237584932,5,1,10,6,0.6,0.668611,11.538922,10,0.666667,3.73375793531312,ND,0.25,44,5,37,62,192,250.367567567568,102.520744188886,131.410883762686,573.192749434442,0.772271016311167,DE
table,furniture,Tisch,6,7,used_for_writing_on,sf,88329,11.3888237584932,5,1,10,6,0.6,0.668611,11.538922,10,0.666667,3.73375793531312,D,1.0,44,5,37,62,192,250.367567567568,102.520744188886,131.410883762686,573.192749434442,0.772271016311167,DE
table,furniture,Tisch,5,8,has_legs,ece,88329,11.3888237584932,5,1,10,6,0.6,0.668611,11.538922,10,0.666667,3.73375793531312,D,1.0,44,5,37,62,192,250.367567567568,102.520744188886,131.410883762686,573.192749434442,0.772271016311167,DE
table,furniture,Tisch,5,8,is_round,ese,88329,11.3888237584932,5,1,10,6,0.6,0.668611,11.538922,10,0.666667,3.73375793531312,ND,0.111111,44,5,37,62,192,250.367567567568,102.520744188886,131.410883762686,573.192749434442,0.772271016311167,DE
train,vehicle,Zug,32,1,used_for_transportation,sf,132469,11.7941039347708,3,1,11,5,0.454545,0.498485,13.987056,33,0.916667,9.55912964547553,ND,0.2,37,10,37,63,221,129.6,31.4591163257966,90.6351071770803,223.50453401819,0.835055824787812,DE
train,vehicle,Zug,31,2,used_on_rail_tracks,se,132469,11.7941039347708,3,1,11,5,0.454545,0.498485,13.987056,33,0.916667,9.55912964547553,D,1.0,37,10,37,63,221,129.6,31.4591163257966,90.6351071770803,223.50453401819,0.835055824787812,DE
train,vehicle,Zug,17,3,has_cars,ece,132469,11.7941039347708,3,1,11,5,0.454545,0.498485,13.987056,33,0.916667,9.55912964547553,D,1.0,37,10,37,63,221,129.6,31.4591163257966,90.6351071770803,223.50453401819,0.835055824787812,DE
train,vehicle,Zug,16,4,a_vehicle,ch,132469,11.7941039347708,3,1,11,5,0.454545,0.498485,13.987056,33,0.916667,9.55912964547553,ND,0.2,37,10,37,63,221,129.6,31.4591163257966,90.6351071770803,223.50453401819,0.835055824787812,DE
train,vehicle,Zug,13,5,is_fast,iep,132469,11.7941039347708,3,1,11,5,0.454545,0.498485,13.987056,33,0.916667,9.55912964547553,D,0.5,37,10,37,63,221,129.6,31.4591163257966,90.6351071770803,223.50453401819,0.835055824787812,DE
train,vehicle,Zug,10,6,used_by_humans,sp,132469,11.7941039347708,3,1,11,5,0.454545,0.498485,13.987056,33,0.916667,9.55912964547553,ND,0.166667,37,10,37,63,221,129.6,31.4591163257966,90.6351071770803,223.50453401819,0.835055824787812,DE
train,vehicle,Zug,9,7,is_long,ese,132469,11.7941039347708,3,1,11,5,0.454545,0.498485,13.987056,33,0.916667,9.55912964547553,ND,0.333333,37,10,37,63,221,129.6,31.4591163257966,90.6351071770803,223.50453401819,0.835055824787812,DE
train,vehicle,Zug,9,7,used_for_cargo,se,132469,11.7941039347708,3,1,11,5,0.454545,0.498485,13.987056,33,0.916667,9.55912964547553,ND,0.25,37,10,37,63,221,129.6,31.4591163257966,90.6351071770803,223.50453401819,0.835055824787812,DE
train,vehicle,Zug,9,7,used_for_moving,sf,132469,11.7941039347708,3,1,11,5,0.454545,0.498485,13.987056,33,0.916667,9.55912964547553,ND,0.333333,37,10,37,63,221,129.6,31.4591163257966,90.6351071770803,223.50453401819,0.835055824787812,DE
train,vehicle,Zug,8,8,used_by_persons,sp,132469,11.7941039347708,3,1,11,5,0.454545,0.498485,13.987056,33,0.916667,9.55912964547553,D,1.0,37,10,37,63,221,129.6,31.4591163257966,90.6351071770803,223.50453401819,0.835055824787812,DE
train,vehicle,Zug,5,9,is_spacious,esi,132469,11.7941039347708,3,1,11,5,0.454545,0.498485,13.987056,33,0.916667,9.55912964547553,D,0.5,37,10,37,63,221,129.6,31.4591163257966,90.6351071770803,223.50453401819,0.835055824787812,DE
